ID,URL
6022757,https://inaturalist-open-data.s3.amazonaws.com/photos/7537842/medium.jpg
22554604,https://static.inaturalist.org/photos/34943859/medium.jpeg
22599508,https://static.inaturalist.org/photos/35015994/medium.jpg
22610001,https://inaturalist-open-data.s3.amazonaws.com/photos/35031418/medium.jpg
22616715,https://inaturalist-open-data.s3.amazonaws.com/photos/35040975/medium.jpg
22762689,https://static.inaturalist.org/photos/35275320/medium.jpg
22950185,https://static.inaturalist.org/photos/35575043/medium.jpg
22991462,https://inaturalist-open-data.s3.amazonaws.com/photos/35642906/medium.jpg
24576313,https://static.inaturalist.org/photos/38005566/medium.jpg
41160982,https://static.inaturalist.org/photos/65273468/medium.jpeg
41224047,https://inaturalist-open-data.s3.amazonaws.com/photos/65378687/medium.jpeg
42308184,https://static.inaturalist.org/photos/67172771/medium.jpg
44231580,https://static.inaturalist.org/photos/70129542/medium.jpeg
44300060,https://inaturalist-open-data.s3.amazonaws.com/photos/70234944/medium.jpg
45352379,https://inaturalist-open-data.s3.amazonaws.com/photos/71914286/medium.jpg
49061006,https://static.inaturalist.org/photos/77872522/medium.jpeg
72258652,https://static.inaturalist.org/photos/117778861/medium.jpeg
73054937,https://inaturalist-open-data.s3.amazonaws.com/photos/119216047/medium.jpg
73828203,https://inaturalist-open-data.s3.amazonaws.com/photos/120588865/medium.jpeg
74050037,https://static.inaturalist.org/photos/120980507/medium.jpeg
75439113,https://static.inaturalist.org/photos/123420093/medium.jpg
76638789,https://inaturalist-open-data.s3.amazonaws.com/photos/125352138/medium.jpg
78025503,https://inaturalist-open-data.s3.amazonaws.com/photos/127649033/medium.jpeg
78887619,https://inaturalist-open-data.s3.amazonaws.com/photos/129152795/medium.jpg
79380364,https://inaturalist-open-data.s3.amazonaws.com/photos/130019824/medium.jpeg
79513286,https://static.inaturalist.org/photos/130242927/medium.jpeg
79757470,https://static.inaturalist.org/photos/130662573/medium.jpeg
79899803,https://inaturalist-open-data.s3.amazonaws.com/photos/130908025/medium.jpeg
81012847,https://inaturalist-open-data.s3.amazonaws.com/photos/132834236/medium.jpeg
93083891,https://static.inaturalist.org/photos/154225125/medium.jpg
93225874,https://static.inaturalist.org/photos/154483537/medium.jpg
93226053,https://static.inaturalist.org/photos/154483729/medium.jpg
93226104,https://static.inaturalist.org/photos/154483839/medium.jpg
93226413,https://static.inaturalist.org/photos/154484263/medium.jpg
110382532,https://inaturalist-open-data.s3.amazonaws.com/photos/186922791/medium.jpg
110835096,https://static.inaturalist.org/photos/187036288/medium.jpeg
111079666,https://inaturalist-open-data.s3.amazonaws.com/photos/187473322/medium.jpeg
111562274,https://inaturalist-open-data.s3.amazonaws.com/photos/188344015/medium.jpeg
111629977,https://inaturalist-open-data.s3.amazonaws.com/photos/188471207/medium.jpeg
111752957,https://static.inaturalist.org/photos/188695578/medium.jpeg
112845026,https://static.inaturalist.org/photos/195292349/medium.jpeg
116698289,https://static.inaturalist.org/photos/197012610/medium.jpeg
128429103,https://static.inaturalist.org/photos/218147034/medium.jpeg
142542314,https://inaturalist-open-data.s3.amazonaws.com/photos/244395084/medium.jpeg
151733538,https://inaturalist-open-data.s3.amazonaws.com/photos/261849314/medium.jpeg
151855000,https://inaturalist-open-data.s3.amazonaws.com/photos/262077627/medium.jpeg
152285414,https://inaturalist-open-data.s3.amazonaws.com/photos/262867146/medium.jpeg
153015915,https://inaturalist-open-data.s3.amazonaws.com/photos/264227448/medium.jpeg
153094100,https://inaturalist-open-data.s3.amazonaws.com/photos/264368166/medium.jpeg
154072397,https://static.inaturalist.org/photos/266183854/medium.jpeg
154294233,https://inaturalist-open-data.s3.amazonaws.com/photos/266588405/medium.jpg
154735071,https://inaturalist-open-data.s3.amazonaws.com/photos/267393852/medium.jpg
155117122,https://inaturalist-open-data.s3.amazonaws.com/photos/268092509/medium.jpeg
155301320,https://inaturalist-open-data.s3.amazonaws.com/photos/268434770/medium.jpg
155303363,https://static.inaturalist.org/photos/268438281/medium.jpeg
156214421,https://inaturalist-open-data.s3.amazonaws.com/photos/270099773/medium.jpg
156232819,https://inaturalist-open-data.s3.amazonaws.com/photos/270133234/medium.jpg
156393003,https://inaturalist-open-data.s3.amazonaws.com/photos/270433369/medium.jpg
156603577,https://inaturalist-open-data.s3.amazonaws.com/photos/270803521/medium.jpeg
156612114,https://inaturalist-open-data.s3.amazonaws.com/photos/271273841/medium.jpg
157520415,https://static.inaturalist.org/photos/272347823/medium.jpeg
158122824,https://static.inaturalist.org/photos/273311805/medium.jpeg
158195239,https://inaturalist-open-data.s3.amazonaws.com/photos/273428065/medium.jpeg
158571825,https://static.inaturalist.org/photos/274035015/medium.jpeg
158837437,https://static.inaturalist.org/photos/274449856/medium.jpeg
158851297,https://inaturalist-open-data.s3.amazonaws.com/photos/274425135/medium.jpeg
159383187,https://static.inaturalist.org/photos/275370812/medium.jpeg
159723291,https://inaturalist-open-data.s3.amazonaws.com/photos/275969031/medium.jpeg
159843375,https://inaturalist-open-data.s3.amazonaws.com/photos/276194023/medium.jpg
